time,name,reflectivity,velocity,power,spectrum_width
23:50:08,NGP180213235003.RAWCG1T,30.5,1.007874012,31.5,7.822500229
22:50:15,NGP180213225007.RAWD9BK,30.5,7.820000172,30.5,7.820000172
23:40:09,NGP180213234003.RAWCFZG,31.5,1.007874012,33,7.822500229
23:20:11,NGP180213232003.RAWD9BS,31,7.820000172,31.5,7.820000172
23:30:10,NGP180213233003.RAWD9BU,30.5,7.820000172,34.5,7.820000172
23:30:10,NGP180213233003.RAWCFX6,30.5,1.007874012,34.5,7.822500229
23:50:08,NGP180213235003.RAWD9BY,30.5,7.820000172,31.5,7.820000172
23:02:13,NGP180213230201.RAWCFR4,30.5,1.007874012,30.5,1.724645615
23:52:37,NGP180213235209.RAWCG2M,31,1.007874012,32,1.724645615
23:02:13,NGP180213230201.RAWD9BN,30.5,1.720000029,30.5,1.720000029
23:22:11,NGP180213232208.RAWCFVR,31,1.007874012,31.5,1.724645615
23:00:43,NGP180213230014.RAWD9BM,32.5,7.820000172,33,7.820000172
23:42:08,NGP180213234201.RAWCG0B,31,1.007874012,31.5,1.97102356
23:42:08,NGP180213234201.RAWD9BX,31,1.970000029,31.5,1.970000029
22:52:14,NGP180213225201.RAWD9BL,31,1.230000019,32,1.230000019
23:10:11,NGP180213231006.RAWD9BP,30.5,7.820000172,30.5,7.820000172
23:12:12,NGP180213231201.RAWD9BR,30.5,1.720000029,31,1.720000029
23:20:11,NGP180213232003.RAWCFUW,31,1.007874012,31.5,7.822500229
23:40:09,NGP180213234003.RAWD9BW,31.5,7.820000172,33,7.820000172
22:40:15,NGP180213224013.RAWD9BH,31,7.820000172,30.5,7.820000172
22:52:14,NGP180213225201.RAWCFMS,31,1.007874012,32,1.231889725
23:12:12,NGP180213231201.RAWCFTE,30.5,1.007874012,31,1.724645615
22:50:15,NGP180213225007.RAWCFLX,30.5,1.007874012,30.5,7.822500229
22:30:16,NGP180213223003.RAWCFGA,30.5,1.007874012,30.5,7.822500229
23:10:11,NGP180213231006.RAWCFSK,30.5,1.007874012,30.5,7.822500229
22:42:15,NGP180213224201.RAWCFKF,30.5,1.007874012,32,1.47826767
22:20:18,NGP180213222007.RAWD9BD,32.5,7.820000172,31,7.820000172
23:52:37,NGP180213235209.RAWD9BZ,31,1.970000029,32,1.720000029
22:30:16,NGP180213223003.RAWD9BF,30.5,7.820000172,30.5,7.820000172
23:32:09,NGP180213233201.RAWD9BV,30.5,1.970000029,30.5,1.970000029
23:00:43,NGP180213230014.RAWCFP7,32.5,1.007874012,33,7.822500229
22:10:19,NGP180213221006.RAWD9BB,31,7.820000172,32,7.820000172
22:20:18,NGP180213222007.RAWCFE0,32.5,1.007874012,31,7.822500229
23:32:09,NGP180213233201.RAWCFY1,30.5,1.007874012,30.5,1.97102356
22:00:20,NGP180213220007.RAWCF9B,30.5,1.007874012,32,7.822500229
22:10:19,NGP180213221006.RAWCFBP,31,1.007874012,32,7.822500229
22:40:15,NGP180213224013.RAWCFJL,31,1.007874012,30.5,7.822500229
21:50:21,NGP180213215004.RAWCF71,30.5,1.007874012,31.5,7.822500229
23:22:11,NGP180213232208.RAWD9BT,31,1.720000029,31.5,1.720000029
22:32:16,NGP180213223208.RAWCFH5,30.5,1.007874012,30.5,0.739133835
22:32:16,NGP180213223208.RAWD9BG,30.5,0.74000001,30.5,0.74000001
22:02:19,NGP180213220201.RAWCFA8,31.5,1.007874012,30.5,0.739133835
22:12:18,NGP180213221201.RAWCFCJ,32,1.007874012,30.5,0.739133835
22:42:15,NGP180213224201.RAWD9BJ,30.5,0.49000001,32,1.480000019
21:40:22,NGP180213214007.RAWCF4R,31,1.007874012,30.5,7.822500229
21:50:21,NGP180213215004.RAWD9B7,30.5,7.820000172,31.5,7.820000172
21:30:23,NGP180213213008.RAWCF2E,32.5,1.007874012,30.5,1.293484211
21:40:22,NGP180213214007.RAWD9B5,31,7.820000172,30.5,7.820000172
22:12:18,NGP180213221201.RAWD9BC,32,0.74000001,30.5,0.74000001
22:22:17,NGP180213222201.RAWCFEV,30.5,1.007874012,32,1.47826767
22:00:20,NGP180213220007.RAWD9B9,30.5,7.820000172,32,7.820000172
22:02:19,NGP180213220201.RAWD9BA,31.5,0.74000001,30.5,0.74000001
21:21:53,NGP180213212148.RAWCF04,30.5,1.007874012,30.5,1.170295358
21:42:21,NGP180213214201.RAWD9B6,30.5,0.74000001,31.5,0.74000001
21:00:26,NGP180213210003.RAWD9AX,31,0.860000014,32,0.800000012
21:52:20,NGP180213215208.RAWCF7W,31,1.007874012,30.5,1.231889725
21:10:25,NGP180213211003.RAWCEXU,30.5,1.007874012,30.5,1.047106266
20:50:27,NGP180213205008.RAWD9AV,31,1.049999952,30.5,0.800000012
22:22:17,NGP180213222201.RAWD9BE,30.5,1.480000019,32,1.480000019
21:10:25,NGP180213211003.RAWD9AZ,30.5,0.800000012,30.5,1.049999952
21:32:22,NGP180213213208.RAWCF39,30.5,1.007874012,30.5,0.739133835
21:12:24,NGP180213211201.RAWD9B0,31,1.230000019,31,1.720000029
21:52:20,NGP180213215208.RAWD9B8,31,1.230000019,30.5,1.230000019
21:42:21,NGP180213214201.RAWCF5K,30.5,1.007874012,31.5,0.739133835
21:00:26,NGP180213210003.RAWCEVF,31,1.007874012,32,0.800728381
20:40:28,NGP180213204003.RAWD9AT,31,1.289999962,31,0.860000014
21:22:54,NGP180213212253.RAWCF0Z,30.5,1.007874012,31,0.739133835
21:30:23,NGP180213213008.RAWD9B3,32.5,7.820000172,30.5,1.289999962
21:02:25,NGP180213210201.RAWCEWC,30.5,1.007874012,30.5,0.739133835
21:21:53,NGP180213212148.RAWD9B1,30.5,0.99000001,30.5,1.169999957
21:12:24,NGP180213211201.RAWCEYN,31,1.007874012,31,1.724645615
21:22:54,NGP180213212253.RAWD9B2,30.5,1.480000019,31,0.74000001
20:52:27,NGP180213205201.RAWCEU0,30.5,1.007874012,30.5,1.724645615
20:42:28,NGP180213204201.RAWCERP,30.5,1.007874012,31,1.724645615
20:32:29,NGP180213203208.RAWCEND,31,1.007874012,31,1.97102356
20:30:30,NGP180213203004.RAWCEMJ,33.5,1.007874012,31,1.170295358
21:02:25,NGP180213210201.RAWD9AY,30.5,1.230000019,30.5,0.74000001
20:40:28,NGP180213204003.RAWCEPV,31,1.007874012,31,0.862322807
20:30:30,NGP180213203004.RAWD9AR,33.5,1.480000019,31,1.169999957
20:22:30,NGP180213202208.RAWCEL3,30.5,1.007874012,30.5,2.463779449
20:32:29,NGP180213203208.RAWD9AS,31,2.460000038,31,1.970000029
21:32:22,NGP180213213208.RAWD9B4,30.5,0.74000001,30.5,0.74000001
20:42:28,NGP180213204201.RAWD9AU,30.5,1.970000029,31,1.720000029
20:50:27,NGP180213205008.RAWCET5,31,1.007874012,30.5,0.800728381
20:13:31,NGP180213201301.RAWCEHT,30.5,1.007874012,30.5,2.463779449
20:20:30,NGP180213202003.RAWD9AN,30.5,1.539999962,30.5,0.860000014
20:22:30,NGP180213202208.RAWD9AP,30.5,2.460000038,30.5,2.460000038
20:12:01,NGP180213201148.RAWCEGY,30.5,1.007874012,31.5,1.047106266
20:12:01,NGP180213201148.RAWD9AL,30.5,7.820000172,31.5,1.049999952
19:10:08,NGP180213191003.RAWCE32,30.5,1.007874012,31,7.822500229
19:50:33,NGP180213195012.RAWCEC9,31,1.007874012,31,7.822500229
19:30:06,NGP180213193003.RAWCE7N,30.5,1.007874012,32,7.822500229
20:20:30,NGP180213202003.RAWCEK8,30.5,1.007874012,30.5,0.862322807
19:40:35,NGP180213194011.RAWD9AE,32,7.820000172,31.5,7.820000172
20:00:33,NGP180213200004.RAWCEEK,30.5,1.007874012,30.5,7.822500229
19:50:33,NGP180213195012.RAWD9AG,31,7.820000172,31,7.820000172
20:02:32,NGP180213200208.RAWCEFG,30.5,1.007874012,30.5,2.463779449
19:40:35,NGP180213194011.RAWCE9Z,32,1.007874012,31.5,7.822500229
19:20:07,NGP180213192003.RAWCE5C,32,1.007874012,30.5,7.822500229
20:52:27,NGP180213205201.RAWD9AW,30.5,1.480000019,30.5,1.720000029
20:00:33,NGP180213200004.RAWD9AJ,30.5,7.820000172,30.5,7.820000172
19:12:08,NGP180213191201.RAWD9A9,30.5,1.480000019,30.5,0.49000001
19:30:06,NGP180213193003.RAWD9AC,30.5,7.820000172,32,7.820000172
19:10:08,NGP180213191003.RAWD9A8,30.5,7.820000172,31,7.820000172
19:02:09,NGP180213190148.RAWCE0P,30.5,1.007874012,30.5,7.822500229
19:52:04,NGP180213195202.RAWD9AH,30.5,2.460000038,30.5,1.720000029
20:13:31,NGP180213201301.RAWD9AM,30.5,2.460000038,30.5,2.460000038
19:02:09,NGP180213190148.RAWD9A6,30.5,7.820000172,30.5,7.820000172
18:32:12,NGP180213183149.RAWD9A0,32,7.820000172,30.5,7.820000172
19:20:07,NGP180213192003.RAWD9AA,32,7.820000172,30.5,7.820000172
19:42:34,NGP180213194208.RAWCEAU,30.5,1.007874012,31,1.47826767
19:12:08,NGP180213191201.RAWCE3X,30.5,1.007874012,30.5,0.49275589
19:32:36,NGP180213193208.RAWD9AD,30.5,1.480000019,30.5,1.480000019
19:52:04,NGP180213195202.RAWCED4,30.5,1.007874012,30.5,1.724645615
19:03:09,NGP180213190253.RAWD9A7,31,1.720000029,30.5,1.480000019
19:32:36,NGP180213193208.RAWCE8H,30.5,1.007874012,30.5,1.47826767
18:51:39,NGP180213185129.RAWCDYD,30.5,1.007874012,31,7.822500229
18:20:13,NGP180213182006.RAWD99Y,30.5,7.820000172,31,1.600000024
18:52:40,NGP180213185233.RAWCDZ8,30.5,1.007874012,30.5,1.47826767
18:40:11,NGP180213184003.RAWCDW3,30.5,1.007874012,30.5,7.822500229
18:32:12,NGP180213183149.RAWCDTT,32,1.007874012,30.5,7.822500229
20:02:32,NGP180213200208.RAWD9AK,30.5,2.460000038,30.5,2.460000038
19:03:09,NGP180213190253.RAWCE1L,31,1.007874012,30.5,1.47826767
18:51:39,NGP180213185129.RAWD9A4,30.5,7.820000172,31,7.820000172
18:20:13,NGP180213182006.RAWCDRG,30.5,1.007874012,31,1.601456761
18:42:11,NGP180213184201.RAWCDWY,30.5,1.007874012,30.5,1.47826767
19:22:07,NGP180213192201.RAWCE67,31,1.007874012,30.5,0.739133835
18:52:40,NGP180213185233.RAWD9A5,30.5,1.720000029,30.5,1.480000019
18:40:11,NGP180213184003.RAWD9A2,30.5,7.820000172,30.5,7.820000172
18:33:12,NGP180213183301.RAWCDUM,30.5,1.007874012,30.5,1.724645615
19:42:34,NGP180213194208.RAWD9AF,30.5,2.460000038,31,1.480000019
18:00:16,NGP180213180003.RAWCDKU,30.5,1.007874012,31,7.822500229
18:22:13,NGP180213182208.RAWCDSB,30.5,1.007874012,30.5,1.47826767
18:10:44,NGP180213181014.RAWD99W,31.5,7.820000172,31,7.820000172
18:42:11,NGP180213184201.RAWD9A3,30.5,1.480000019,30.5,1.480000019
19:22:07,NGP180213192201.RAWD9AB,31,1.720000029,30.5,0.74000001
18:12:14,NGP180213181208.RAWCDP1,31,1.007874012,31,1.724645615
18:00:16,NGP180213180003.RAWD99U,30.5,7.820000172,31,7.820000172
18:22:13,NGP180213182208.RAWD99Z,30.5,0.99000001,30.5,1.480000019
17:40:18,NGP180213174008.RAWD99P,30.5,1.169999957,30.5,1.169999957
17:30:19,NGP180213173003.RAWD99M,31,7.820000172,30.5,1.169999957
18:33:12,NGP180213183301.RAWD9A1,30.5,1.720000029,30.5,1.720000029
18:10:44,NGP180213181014.RAWCDN6,31.5,1.007874012,31,7.822500229
17:50:16,NGP180213175008.RAWCDHH,30.5,1.007874012,30.5,1.601456761
18:02:15,NGP180213180201.RAWCDLR,31,1.007874012,30.5,1.47826767
17:52:16,NGP180213175208.RAWD99T,31.5,1.230000019,30.5,1.480000019
18:12:14,NGP180213181208.RAWD99X,31,1.230000019,31,1.720000029
18:02:15,NGP180213180201.RAWD99V,31,1.230000019,30.5,1.480000019
17:50:16,NGP180213175008.RAWD99S,30.5,7.820000172,30.5,1.600000024
17:20:20,NGP180213172008.RAWCDAL,30.5,1.007874012,30.5,1.047106266
17:42:18,NGP180213174201.RAWCDG2,30.5,1.007874012,30.5,0.98551178
17:00:22,NGP180213170005.RAWD99F,30.5,7.820000172,30.5,7.820000172
17:42:18,NGP180213174201.RAWD99R,30.5,1.480000019,30.5,0.99000001
17:52:16,NGP180213175208.RAWCDJC,31.5,1.007874012,30.5,1.47826767
17:40:18,NGP180213174008.RAWCDF7,30.5,1.007874012,30.5,1.170295358
17:10:21,NGP180213171014.RAWCD8A,31,1.007874012,30.5,1.724645615
17:22:20,NGP180213172201.RAWD99L,30.5,1.720000029,30.5,1.230000019
17:12:20,NGP180213171201.RAWD99J,30.5,1.720000029,31,1.720000029
17:32:19,NGP180213173201.RAWD99N,31.5,1.480000019,30.5,0.99000001
16:50:23,NGP180213165003.RAWD99D,30.5,7.820000172,30.5,7.820000172
17:20:20,NGP180213172008.RAWD99K,30.5,1.419999957,30.5,1.049999952
17:32:19,NGP180213173201.RAWCDDS,31.5,1.007874012,30.5,0.98551178
16:40:24,NGP180213164014.RAWCD1B,31,1.007874012,30.5,7.822500229
17:00:22,NGP180213170005.RAWCD5Y,30.5,1.007874012,30.5,7.822500229
17:12:20,NGP180213171201.RAWCD95,30.5,1.007874012,31,1.724645615
16:40:24,NGP180213164014.RAWD99B,31,7.820000172,30.5,7.820000172
16:52:22,NGP180213165208.RAWCD4G,31,1.007874012,31.5,14.04354286
17:10:21,NGP180213171014.RAWD99H,31,1.110000014,30.5,1.720000029
16:52:22,NGP180213165208.RAWD99E,31,2.460000038,31.5,14.03999996
16:30:25,NGP180213163007.RAWCCZ1,30.5,1.007874012,30.5,7.822500229
17:30:19,NGP180213173003.RAWCDCX,31,1.007874012,30.5,1.170295358
17:02:22,NGP180213170208.RAWD99G,30.5,3.200000048,30.5,13.80000019
17:22:20,NGP180213172201.RAWCDBF,30.5,1.007874012,30.5,1.231889725
16:50:23,NGP180213165003.RAWCD3M,30.5,1.007874012,30.5,7.822500229
16:42:24,NGP180213164201.RAWCD26,30.5,1.007874012,30.5,1.97102356
16:20:26,NGP180213162003.RAWCCWR,30.5,1.007874012,31,7.822500229
16:30:25,NGP180213163007.RAWD999,30.5,7.820000172,30.5,7.820000172
16:22:26,NGP180213162201.RAWCCXK,31,1.007874012,31,1.97102356
17:02:22,NGP180213170208.RAWCD6V,30.5,1.007874012,30.5,13.79716492
16:10:28,NGP180213161003.RAWCCUE,30.5,1.007874012,30.5,7.822500229
16:32:25,NGP180213163202.RAWCCZW,30.5,1.007874012,30.5,1.97102356
16:10:28,NGP180213161003.RAWD995,30.5,7.820000172,30.5,7.820000172
16:20:26,NGP180213162003.RAWD997,30.5,7.820000172,31,7.820000172
16:42:24,NGP180213164201.RAWD99C,30.5,1.970000029,30.5,1.970000029
16:00:28,NGP180213160003.RAWD993,30.5,7.820000172,30.5,7.820000172
16:12:28,NGP180213161201.RAWCCV9,30.5,1.007874012,30.5,1.97102356
16:00:28,NGP180213160003.RAWCCS2,30.5,1.007874012,30.5,7.822500229
15:50:30,NGP180213155003.RAWD991,31,7.820000172,31,7.820000172
15:50:30,NGP180213155003.RAWCCNS,31,1.007874012,31,7.822500229
15:40:30,NGP180213154007.RAWCCLF,30.5,1.007874012,31,7.822500229
13:32:14,NGP180213133147.RAWCBPD,31,1.007874012,31,0.98551178
13:20:16,NGP180213132003.RAWD984,30.5,1.110000014,30.5,0.860000014
16:12:28,NGP180213161201.RAWD996,30.5,2.960000038,30.5,1.970000029
16:02:28,NGP180213160201.RAWCCSZ,30.5,1.007874012,30.5,2.217401743
15:40:30,NGP180213154007.RAWD98Z,30.5,7.820000172,31,7.820000172
13:10:17,NGP180213131003.RAWCBJT,31,1.007874012,33,0.862322807
13:22:16,NGP180213132201.RAWCBMY,30.5,1.007874012,30.5,0.739133835
13:32:14,NGP180213133147.RAWD986,31,0.99000001,31,0.99000001
13:20:16,NGP180213132003.RAWCBM3,30.5,1.007874012,30.5,0.862322807
15:52:29,NGP180213155201.RAWD992,31,3.450000048,30.5,1.720000029
15:52:29,NGP180213155201.RAWCCPL,31,1.007874012,30.5,1.724645615
15:30:32,NGP180213153003.RAWCCJ5,31.5,1.007874012,31,7.822500229
15:20:33,NGP180213152010.RAWD98V,30.5,7.820000172,30.5,7.820000172
13:12:17,NGP180213131209.RAWCBKM,31,1.007874012,31,1.724645615
13:22:16,NGP180213132201.RAWD985,30.5,1.720000029,30.5,0.74000001
13:10:17,NGP180213131003.RAWD982,31,1.909999967,33,0.860000014
15:30:32,NGP180213153003.RAWD98X,31.5,7.820000172,31,7.820000172
16:32:25,NGP180213163202.RAWD99A,30.5,1.970000029,30.5,1.970000029
15:42:30,NGP180213154201.RAWD990,30.5,1.720000029,30.5,1.230000019
16:02:28,NGP180213160201.RAWD994,30.5,2.220000029,30.5,2.220000029
13:02:18,NGP180213130201.RAWCBHB,31.5,1.007874012,31,2.217401743
12:50:19,NGP180213125005.RAWD97Y,30.5,1.659999967,30.5,0.49000001
15:32:32,NGP180213153208.RAWCCK0,31,1.007874012,30.5,1.724645615
13:00:18,NGP180213130007.RAWCBGE,30.5,1.007874012,30.5,0.923917353
12:50:19,NGP180213125005.RAWCBE4,30.5,1.007874012,30.5,0.49275589
15:42:30,NGP180213154201.RAWCCMA,30.5,1.007874012,30.5,1.231889725
15:22:02,NGP180213152201.RAWD98W,30.5,2.460000038,30.5,1.720000029
13:00:18,NGP180213130007.RAWD980,30.5,1.970000029,30.5,0.920000017
15:32:32,NGP180213153208.RAWD98Y,31,1.720000029,30.5,1.720000029
15:00:05,NGP180213150003.RAWCCB6,31.5,1.007874012,30.5,7.822500229
12:40:20,NGP180213124003.RAWCBBU,30.5,1.007874012,32.5,0.431161404
15:20:33,NGP180213152010.RAWCCFV,30.5,1.007874012,30.5,7.822500229
15:10:34,NGP180213151007.RAWD98T,30.5,7.820000172,31,7.820000172
15:12:04,NGP180213151201.RAWCCED,30.5,1.007874012,30.5,1.97102356
12:42:20,NGP180213124208.RAWCBCN,30.5,1.007874012,30.5,1.724645615
16:22:26,NGP180213162201.RAWD998,31,2.460000038,31,1.970000029
13:12:17,NGP180213131209.RAWD983,31,1.970000029,31,1.720000029
15:10:34,NGP180213151007.RAWCCDJ,30.5,1.007874012,31,7.822500229
15:22:02,NGP180213152201.RAWCCGP,30.5,1.007874012,30.5,1.724645615
13:02:18,NGP180213130201.RAWD981,31.5,1.970000029,31,2.220000029
12:40:20,NGP180213124003.RAWD97W,30.5,1.539999962,32.5,0.430000007
15:00:05,NGP180213150003.RAWD98R,31.5,7.820000172,30.5,7.820000172
12:42:20,NGP180213124208.RAWD97X,30.5,1.970000029,30.5,1.720000029
14:40:07,NGP180213144003.RAWD98L,31,7.820000172,30.5,7.820000172
12:31:51,NGP180213123148.RAWCB9H,30.5,1.007874012,31,0.49275589
12:20:22,NGP180213122003.RAWD97S,30.5,1.850000024,31,1.720000029
14:50:06,NGP180213145003.RAWD98N,30.5,7.820000172,30.5,7.820000172
14:50:06,NGP180213145003.RAWCC8W,30.5,1.007874012,30.5,7.822500229
14:40:07,NGP180213144003.RAWCC6K,31,1.007874012,30.5,7.822500229
12:20:22,NGP180213122003.RAWCB77,30.5,1.007874012,31,1.724645615
12:31:51,NGP180213123148.RAWD97U,30.5,1.720000029,31,0.49000001
12:52:19,NGP180213125208.RAWCBEZ,30.5,1.007874012,30.5,1.97102356
14:30:08,NGP180213143006.RAWD98J,31,7.820000172,30.5,7.820000172
12:22:22,NGP180213122201.RAWCB82,31.5,1.007874012,31.5,1.97102356
15:02:05,NGP180213150201.RAWCCC3,30.5,1.007874012,30.5,1.47826767
14:52:36,NGP180213145208.RAWCC9R,30.5,1.007874012,31,1.97102356
15:02:05,NGP180213150201.RAWD98S,30.5,1.480000019,30.5,1.480000019
12:52:19,NGP180213125208.RAWD97Z,30.5,1.970000029,30.5,1.970000029
12:22:22,NGP180213122201.RAWD97T,31.5,1.970000029,31.5,1.970000029
12:33:21,NGP180213123300.RAWCBAC,30.5,1.007874012,30.5,1.97102356
12:10:23,NGP180213121003.RAWCB4X,31,1.007874012,31,0.49275589
14:42:07,NGP180213144201.RAWCC7E,30.5,1.007874012,30.5,3.449291229
12:12:23,NGP180213121208.RAWCB5S,30.5,1.007874012,30.5,1.97102356
12:10:23,NGP180213121003.RAWD97P,31,1.419999957,31,0.49000001
12:02:25,NGP180213120201.RAWCB3F,31,1.007874012,30.5,2.463779449
12:00:25,NGP180213120006.RAWCB2J,30.5,1.007874012,31,0.431161404
12:33:21,NGP180213123300.RAWD97V,30.5,1.970000029,30.5,1.970000029
12:00:25,NGP180213120006.RAWD97M,30.5,1.659999967,31,0.430000007
14:20:09,NGP180213142006.RAWD98G,30.5,1.600000024,30.5,0.860000014
14:52:36,NGP180213145208.RAWD98P,30.5,1.970000029,31,1.970000029
12:12:23,NGP180213121208.RAWD97R,30.5,1.970000029,30.5,1.970000029
14:30:08,NGP180213143006.RAWCC49,31,1.007874012,30.5,7.822500229
14:20:09,NGP180213142006.RAWCC1Z,30.5,1.007874012,30.5,0.862322807
11:51:56,NGP180213115148.RAWD97K,30.5,1.539999962,31,1.850000024
14:22:09,NGP180213142205.RAWCC2U,30.5,1.007874012,30.5,1.724645615
12:02:25,NGP180213120201.RAWD97N,31,1.970000029,30.5,2.460000038
14:10:11,NGP180213141007.RAWD98E,30.5,1.110000014,30.5,0.430000007
14:00:11,NGP180213140003.RAWCBXA,30.5,1.007874012,30.5,0.615944862
11:51:56,NGP180213115148.RAWCB08,30.5,1.007874012,31,1.847834706
14:12:10,NGP180213141208.RAWCC0H,30.5,1.007874012,30.5,1.47826767
15:12:04,NGP180213151201.RAWD98U,30.5,1.720000029,30.5,1.970000029
14:10:11,NGP180213141007.RAWCBZN,30.5,1.007874012,30.5,0.431161404
14:32:38,NGP180213143208.RAWD98K,30.5,2.460000038,30.5,2.460000038
14:22:09,NGP180213142205.RAWD98H,30.5,1.720000029,30.5,1.720000029
11:40:27,NGP180213114003.RAWCAXY,30.5,1.007874012,30.5,1.416673303
13:50:13,NGP180213135003.RAWCBV0,30.5,1.007874012,30.5,0.739133835
11:42:26,NGP180213114201.RAWCAYT,30.5,1.007874012,30.5,1.97102356
14:42:07,NGP180213144201.RAWD98M,30.5,3.450000048,30.5,3.450000048
11:40:27,NGP180213114003.RAWD97H,30.5,1.360000014,30.5,1.419999957
14:12:10,NGP180213141208.RAWD98F,30.5,2.460000038,30.5,1.480000019
11:30:27,NGP180213113003.RAWCAVM,30.5,1.007874012,31,1.663051248
14:00:11,NGP180213140003.RAWD98C,30.5,0.860000014,30.5,0.620000005
11:52:55,NGP180213115252.RAWCB13,30.5,1.007874012,30.5,2.463779449
13:50:13,NGP180213135003.RAWD98A,30.5,1.110000014,30.5,0.74000001
13:40:13,NGP180213134003.RAWCBSP,30.5,1.007874012,30.5,0.739133835
11:30:27,NGP180213113003.RAWD97F,30.5,1.110000014,31,1.659999967
11:20:29,NGP180213112003.RAWD97D,32,1.230000019,30.5,1.659999967
11:32:27,NGP180213113201.RAWCAWG,30.5,1.007874012,31,1.97102356
11:52:55,NGP180213115252.RAWD97L,30.5,1.970000029,30.5,2.460000038
13:40:13,NGP180213134003.RAWD988,30.5,1.419999957,30.5,0.74000001
11:10:29,NGP180213111007.RAWCAR1,31,1.007874012,31.5,1.663051248
13:42:14,NGP180213134208.RAWCBTJ,31,1.007874012,31,0.739133835
11:20:29,NGP180213112003.RAWCATB,32,1.007874012,30.5,1.663051248
11:10:29,NGP180213111007.RAWD97B,31,1.659999967,31.5,1.659999967
14:02:11,NGP180213140201.RAWD98D,30.5,1.230000019,30.5,1.230000019
11:32:27,NGP180213113201.RAWD97G,30.5,1.970000029,31,1.970000029
14:02:11,NGP180213140201.RAWCBY7,30.5,1.007874012,30.5,1.231889725
11:42:26,NGP180213114201.RAWD97J,30.5,1.970000029,30.5,1.970000029
11:22:28,NGP180213112208.RAWCAU6,31,1.007874012,30.5,2.217401743
13:52:12,NGP180213135208.RAWD98B,30.5,0.74000001,31,0.74000001
11:00:30,NGP180213110003.RAWCAMN,31,1.007874012,32.5,1.047106266
11:00:30,NGP180213110003.RAWD979,31,1.049999952,32.5,1.049999952
14:32:38,NGP180213143208.RAWCC54,30.5,1.007874012,30.5,2.463779449
10:52:32,NGP180213105201.RAWCAL7,30.5,1.007874012,30.5,1.97102356
13:33:15,NGP180213133252.RAWCBR8,30.5,1.007874012,31.5,0.739133835
10:50:32,NGP180213105003.RAWD977,31,1.720000029,31,1.720000029
11:02:30,NGP180213110201.RAWCANK,30.5,1.007874012,31.5,1.97102356
10:40:33,NGP180213104016.RAWD975,30.5,1.600000024,30.5,1.600000024
11:02:30,NGP180213110201.RAWD97A,30.5,1.970000029,31.5,1.970000029
13:42:14,NGP180213134208.RAWD989,31,1.720000029,31,0.74000001
10:50:32,NGP180213105003.RAWCAKC,31,1.007874012,31,1.724645615
10:40:33,NGP180213104016.RAWCAH2,30.5,1.007874012,30.5,1.601456761
11:12:29,NGP180213111201.RAWCARW,30.5,1.007874012,31,1.97102356
10:30:04,NGP180213103003.RAWD973,31,1.539999962,30.5,1.539999962
10:42:03,NGP180213104201.RAWCAHX,31,1.007874012,31,1.97102356
10:32:04,NGP180213103201.RAWCAFE,30.5,1.007874012,31,1.724645615
10:30:04,NGP180213103003.RAWCA7X,31,1.007874012,30.5,1.539862156
10:22:05,NGP180213102149.RAWCA5L,30.5,1.007874012,30.5,1.293484211
10:12:07,NGP180213101148.RAWD96Z,31.5,1.360000014,30.5,1.360000014
13:52:12,NGP180213135208.RAWCBVV,30.5,1.007874012,31,0.739133835
10:32:04,NGP180213103201.RAWD974,30.5,1.720000029,31,1.720000029
10:02:07,NGP180213100148.RAWD96X,30.5,1.360000014,31,1.360000014
11:22:28,NGP180213112208.RAWD97E,31,1.970000029,30.5,2.220000029
10:23:05,NGP180213102254.RAWCA6F,30.5,1.007874012,31.5,1.97102356
10:13:06,NGP180213101252.RAWD970,31,1.970000029,31.5,1.970000029
10:02:07,NGP180213100148.RAWCA0Y,30.5,1.007874012,31,1.355078816
10:03:07,NGP180213100259.RAWCA1V,31,1.007874012,30.5,1.97102356
09:52:09,NGP180213095149.RAWC9YM,30.5,1.007874012,31,1.724645615
09:52:09,NGP180213095149.RAWD96V,30.5,1.720000029,31,1.720000029
10:12:07,NGP180213101148.RAWCA3A,31.5,1.007874012,30.5,1.355078816
13:33:15,NGP180213133252.RAWD987,30.5,1.720000029,31.5,0.74000001
10:22:05,NGP180213102149.RAWD971,30.5,1.289999962,30.5,1.289999962
09:30:40,NGP180213093011.RAWC9U1,30.5,1.007874012,30.5,1.909429193
09:40:40,NGP180213094015.RAWC9WB,31,1.007874012,31,1.355078816
09:22:12,NGP180213092149.RAWC9RR,31,1.007874012,31,1.601456761
10:03:07,NGP180213100259.RAWD96Y,31,1.970000029,30.5,1.970000029
10:52:32,NGP180213105201.RAWD978,30.5,1.970000029,30.5,1.970000029
10:23:05,NGP180213102254.RAWD972,30.5,1.970000029,31.5,1.970000029
09:40:40,NGP180213094015.RAWD96T,31,1.720000029,31,1.360000014
10:42:03,NGP180213104201.RAWD976,31,1.970000029,31,1.970000029
09:42:10,NGP180213094201.RAWC9X6,30.5,1.007874012,30.5,2.463779449
10:13:06,NGP180213101252.RAWCA45,31,1.007874012,31.5,1.97102356
09:53:08,NGP180213095300.RAWC9ZG,32,1.007874012,33,2.463779449
09:32:10,NGP180213093208.RAWC9UW,30.5,1.007874012,30.5,2.463779449
09:42:10,NGP180213094201.RAWD96U,30.5,2.460000038,30.5,2.460000038
09:22:12,NGP180213092149.RAWD96N,31,1.600000024,31,1.600000024
09:12:12,NGP180213091201.RAWD96M,30.5,2.220000029,31,2.220000029
09:32:10,NGP180213093208.RAWD96S,30.5,2.460000038,30.5,2.460000038
09:10:13,NGP180213091003.RAWD96L,31,2.089999914,31,2.089999914
11:12:29,NGP180213111201.RAWD97C,30.5,1.970000029,31,1.970000029
09:02:14,NGP180213090201.RAWC9LZ,31.5,1.007874012,32.5,2.463779449
08:30:17,NGP180213083005.RAWD96C,30.5,1.600000024,30.5,1.600000024
09:23:12,NGP180213092253.RAWC9SK,30.5,1.007874012,30.5,2.463779449
08:52:15,NGP180213085208.RAWC9JL,31,1.007874012,31.5,2.217401743
08:40:16,NGP180213084003.RAWC9FF,30.5,1.007874012,31,1.724645615
09:10:13,NGP180213091003.RAWC9NE,31,1.007874012,31,2.094212532
08:52:15,NGP180213085208.RAWD96H,31,2.220000029,31.5,2.220000029
08:20:48,NGP180213082028.RAWD96A,31.5,1.360000014,30.5,1.360000014
09:02:14,NGP180213090201.RAWD96K,31.5,2.460000038,32.5,2.460000038
09:53:08,NGP180213095300.RAWD96W,32,2.460000038,33,2.460000038
08:10:20,NGP180213081009.RAWD968,30.5,7.820000172,31,2.220000029
08:22:18,NGP180213082200.RAWC9BP,31,1.007874012,30.5,2.463779449
09:12:12,NGP180213091201.RAWC9P9,30.5,1.007874012,31,2.217401743
08:00:20,NGP180213080003.RAWD966,31.5,7.820000172,31.5,1.850000024
09:00:14,NGP180213090004.RAWD96J,30.5,1.720000029,30.5,1.720000029
08:50:15,NGP180213085007.RAWC9HS,31.5,1.007874012,32.5,1.47826767
09:23:12,NGP180213092253.RAWD96P,30.5,2.460000038,30.5,2.460000038
08:00:20,NGP180213080003.RAWC966,31.5,1.007874012,31.5,1.847834706
08:12:19,NGP180213081208.RAWC99D,30.5,1.007874012,30.5,2.710157633
08:50:15,NGP180213085007.RAWD96G,31.5,1.480000019,32.5,1.480000019
08:32:17,NGP180213083201.RAWD96D,31,1.970000029,31,1.970000029
08:20:48,NGP180213082028.RAWC9AV,31.5,1.007874012,30.5,1.355078816
07:50:22,NGP180213075003.RAWC93W,30.5,1.007874012,30.5,7.822500229
08:10:20,NGP180213081009.RAWC98J,30.5,1.007874012,31,2.217401743
07:50:22,NGP180213075003.RAWD964,30.5,7.820000172,30.5,7.820000172
08:40:16,NGP180213084003.RAWD96E,30.5,1.720000029,31,1.720000029
08:42:16,NGP180213084201.RAWD96F,31,2.460000038,31,2.460000038
08:02:20,NGP180213080201.RAWC973,31,1.007874012,31,2.463779449
08:22:18,NGP180213082200.RAWD96B,31,2.460000038,30.5,2.460000038
08:30:17,NGP180213083005.RAWC9D5,30.5,1.007874012,30.5,1.601456761
07:20:24,NGP180213072003.RAWC8WZ,30.5,1.007874012,30.5,7.822500229
07:30:24,NGP180213073013.RAWC8Z9,31.5,1.007874012,30.5,7.822500229
09:00:14,NGP180213090004.RAWC9L2,30.5,1.007874012,30.5,1.724645615
08:42:16,NGP180213084201.RAWC9GA,31,1.007874012,31,2.463779449
07:52:22,NGP180213075201.RAWC94R,30.5,1.007874012,30.5,2.463779449
07:00:27,NGP180213070008.RAWC8SA,30.5,1.007874012,31.5,7.822500229
07:20:24,NGP180213072003.RAWD95Y,30.5,7.820000172,30.5,7.820000172
07:30:24,NGP180213073013.RAWD960,31.5,7.820000172,30.5,7.820000172
07:52:22,NGP180213075201.RAWD965,30.5,2.460000038,30.5,2.460000038
07:40:22,NGP180213074008.RAWD962,32.5,7.820000172,30.5,7.820000172
08:32:17,NGP180213083201.RAWC9E0,31,1.007874012,31,1.97102356
07:22:24,NGP180213072200.RAWC8XU,31.5,1.007874012,31,3.202913523
07:40:22,NGP180213074008.RAWC91K,32.5,1.007874012,30.5,7.822500229
07:10:26,NGP180213071005.RAWC8UN,31.5,1.007874012,31.5,7.822500229
09:30:40,NGP180213093011.RAWD96R,30.5,1.909999967,30.5,1.909999967
07:32:24,NGP180213073201.RAWC904,31,1.007874012,30.5,3.202913523
08:12:19,NGP180213081208.RAWD969,30.5,2.710000038,30.5,2.710000038
06:50:28,NGP180213065003.RAWC8P0,30.5,1.007874012,31,7.822500229
07:32:24,NGP180213073201.RAWD961,31,2.710000038,30.5,3.200000048
07:00:27,NGP180213070008.RAWD95U,30.5,2.829999924,31.5,7.820000172
07:02:27,NGP180213070201.RAWC8T7,31.5,1.007874012,30.5,2.463779449
07:10:26,NGP180213071005.RAWD95W,31.5,3.329999924,31.5,7.820000172
06:52:28,NGP180213065201.RAWC8PV,30.5,1.007874012,30.5,1.97102356
07:42:22,NGP180213074208.RAWC92E,30.5,1.007874012,30.5,2.463779449
07:12:26,NGP180213071208.RAWD95X,30.5,2.960000038,30.5,2.460000038
07:22:24,NGP180213072200.RAWD95Z,31.5,2.220000029,31,3.200000048
06:40:29,NGP180213064003.RAWC8LP,31.5,1.007874012,31,7.822500229
07:12:26,NGP180213071208.RAWC8VH,30.5,1.007874012,30.5,2.463779449
06:50:28,NGP180213065003.RAWD95S,30.5,3.819999933,31,7.820000172
06:40:29,NGP180213064003.RAWD95P,31.5,4.429999828,31,7.820000172
06:30:30,NGP180213063003.RAWC8JD,31,1.007874012,31,7.822500229
06:10:32,NGP180213061021.RAWD95H,32.5,7.820000172,30.5,7.820000172
06:10:32,NGP180213061021.RAWC8DN,32.5,1.007874012,30.5,7.822500229
05:40:18,NGP180213054003.RAWD95D,34.5,0.860000014,36.5,0.370000005
05:30:20,NGP180213053004.RAWC88W,50.5,1.007874012,36.5,0.061594486
08:02:20,NGP180213080201.RAWD967,31,2.460000038,31,2.460000038
07:02:27,NGP180213070201.RAWD95V,31.5,2.710000038,30.5,2.460000038
05:52:17,NGP180213055201.RAWD95G,33,2.460000038,30.5,2.460000038
06:22:31,NGP180213062201.RAWC8GY,30.5,1.007874012,31,1.724645615
06:20:31,NGP180213062003.RAWC8G2,31,1.007874012,30.5,7.822500229
05:50:17,NGP180213055003.RAWC8DJ,38.5,1.007874012,36.5,0.739133835
06:52:28,NGP180213065201.RAWD95T,30.5,2.960000038,30.5,1.970000029
07:42:22,NGP180213074208.RAWD963,30.5,2.460000038,30.5,2.460000038
06:32:30,NGP180213063201.RAWD95N,30.5,2.460000038,30.5,2.460000038
05:40:18,NGP180213054003.RAWC8B7,34.5,1.007874012,36.5,0.369566917
06:20:31,NGP180213062003.RAWD95K,31,7.820000172,30.5,7.820000172
05:32:19,NGP180213053201.RAWD95C,30.5,2.220000029,31,1.970000029
05:50:17,NGP180213055003.RAWD95F,38.5,0.74000001,36.5,0.74000001
06:22:31,NGP180213062201.RAWD95L,30.5,1.720000029,31,1.720000029
05:42:18,NGP180213054201.RAWC8C3,30.5,1.007874012,31.5,2.463779449
05:30:20,NGP180213053004.RAWD95B,50.5,0.059999999,36.5,0.059999999
06:42:28,NGP180213064201.RAWC8MJ,30.5,1.007874012,30.5,2.217401743
05:10:21,NGP180213051003.RAWD957,40,0.119999997,37,0.119999997
05:00:23,NGP180213050004.RAWD955,39.5,0.059999999,37.5,0.310000002
06:12:02,NGP180213061201.RAWC8EL,31.5,1.007874012,33,2.710157633
05:10:21,NGP180213051003.RAWC847,40,1.007874012,37,0.123188972
05:32:19,NGP180213053201.RAWC89S,30.5,1.007874012,31,1.97102356
05:22:20,NGP180213052201.RAWD95A,32,2.220000029,31.5,1.970000029
05:20:20,NGP180213052003.RAWC86J,39.5,1.007874012,36,0.061594486
06:32:30,NGP180213063201.RAWC8K8,30.5,1.007874012,30.5,2.463779449
05:02:23,NGP180213050209.RAWD956,30.5,2.710000038,30.5,1.720000029
05:20:20,NGP180213052003.RAWD959,39.5,0.059999999,36,0.059999999
06:30:30,NGP180213063003.RAWD95M,31,7.820000172,31,7.820000172
05:12:21,NGP180213051201.RAWC853,31,1.007874012,31,1.97102356
05:02:23,NGP180213050209.RAWC82S,30.5,1.007874012,30.5,1.724645615
04:52:24,NGP180213045201.RAWD954,32,3.200000048,31,1.720000029
04:52:24,NGP180213045201.RAWC80C,32,1.007874012,31,1.724645615
06:12:02,NGP180213061201.RAWD95J,31.5,2.710000038,33,2.710000038
06:42:28,NGP180213064201.RAWD95R,30.5,2.220000029,30.5,2.220000029
05:00:23,NGP180213050004.RAWC81U,39.5,1.007874012,37.5,0.307972431
05:42:18,NGP180213054201.RAWD95E,30.5,2.460000038,31.5,2.460000038
05:22:20,NGP180213052201.RAWC87E,32,1.007874012,31.5,1.97102356
04:40:25,NGP180213044003.RAWD951,33.5,0.920000017,37,0.920000017
02:50:07,NGP180213025003.RAWD94C,43,0,38.5,0.430000007
04:12:28,NGP180213041208.RAWC7R1,30.5,1.007874012,30.5,2.956535339
04:10:28,NGP180213041003.RAWD94V,36.5,0.119999997,34.5,0.119999997
04:30:26,NGP180213043007.RAWC7UU,31,1.007874012,37,0.061594486
04:30:26,NGP180213043007.RAWD94Z,31,0.059999999,37,0.059999999
04:10:28,NGP180213041003.RAWC7P5,36.5,1.007874012,34.5,0.123188972
04:40:25,NGP180213044003.RAWC7X5,33.5,1.007874012,37,0.923917353
04:42:25,NGP180213044201.RAWC7Y1,31,1.007874012,30.5,1.97102356
02:50:07,NGP180213025003.RAWC74C,43,1.007874012,38.5,0.431161404
05:12:21,NGP180213051201.RAWD958,31,2.710000038,31,1.970000029
04:22:26,NGP180213042200.RAWC7TC,30.5,1.007874012,31,8.130472183
04:32:26,NGP180213043201.RAWD950,31.5,2.220000029,33,1.970000029
04:12:28,NGP180213041208.RAWD94W,30.5,1.720000029,30.5,2.960000038
02:52:07,NGP180213025201.RAWD94D,37.5,8.869999886,32,2.710000038
03:40:31,NGP180213034003.RAWD94N,32,0.920000017,37.5,0.430000007
02:20:10,NGP180213022004.RAWC6XC,32,1.007874012,36,0.123188972
04:22:26,NGP180213042200.RAWD94Y,30.5,2.460000038,31,8.130000114
02:40:08,NGP180213024007.RAWD94A,54,0.119999997,36.5,0.430000007
02:42:08,NGP180213024201.RAWC72X,30.5,1.007874012,31,10.34787369
04:32:26,NGP180213043201.RAWC7VP,31.5,1.007874012,33,1.97102356
04:42:25,NGP180213044201.RAWD952,31,3.200000048,30.5,1.970000029
02:40:08,NGP180213024007.RAWC721,54,1.007874012,36.5,0.431161404
02:42:08,NGP180213024201.RAWD94B,30.5,9.119999886,31,10.35000038
04:02:29,NGP180213040201.RAWC7MP,31.5,1.007874012,32,8.623228073
02:20:10,NGP180213022004.RAWD946,32,0.119999997,36,0.119999997
02:32:09,NGP180213023201.RAWC70K,31.5,1.007874012,32,10.59425163
02:22:10,NGP180213022201.RAWC6Y8,31,1.007874012,32.5,10.34787369
02:10:11,NGP180213021004.RAWC6V1,40,1.007874012,38,0.923917353
03:40:31,NGP180213034003.RAWC7G3,32,1.007874012,37.5,0.431161404
02:22:10,NGP180213022201.RAWD947,31,10.35000038,32.5,10.35000038
02:10:11,NGP180213021004.RAWD944,40,7.820000172,38,0.920000017
02:30:09,NGP180213023003.RAWC6ZP,43.5,1.007874012,34.5,0.369566917
03:30:32,NGP180213033003.RAWC7DS,39,1.007874012,37,0.739133835
03:42:31,NGP180213034201.RAWD94P,30.5,9.359999657,31,8.869999886
02:12:10,NGP180213021201.RAWD945,31.5,10.10000038,31,10.10000038
02:30:09,NGP180213023003.RAWD948,43.5,0.370000005,34.5,0.370000005
03:42:31,NGP180213034201.RAWC7GZ,30.5,1.007874012,31,8.869606972
02:00:12,NGP180213020003.RAWC6SM,38.5,1.007874012,38,0.184783459
03:52:30,NGP180213035201.RAWD94S,31,8.869999886,32,9.119999886
02:00:12,NGP180213020003.RAWD942,38.5,0.180000007,38,0.180000007
03:32:02,NGP180213033201.RAWC7EM,31,1.007874012,30.5,9.115984917
04:02:29,NGP180213040201.RAWD94U,31.5,2.220000029,32,8.619999886
03:22:04,NGP180213032201.RAWC7CA,31,1.007874012,31,8.869606972
02:02:12,NGP180213020209.RAWC6TK,31,1.007874012,30.5,10.34787369
03:10:34,NGP180213031004.RAWD94G,42,0.49000001,35.5,0.370000005
01:40:14,NGP180213014003.RAWC6LZ,30.5,1.007874012,40,0.49275589
03:30:32,NGP180213033003.RAWD94L,39,0.059999999,37,0.74000001
02:32:09,NGP180213023201.RAWD949,31.5,10.59000015,32,10.59000015
02:02:12,NGP180213020209.RAWD943,31,10.35000038,30.5,10.35000038
01:52:13,NGP180213015201.RAWC6R6,31,1.007874012,31,10.34787369
01:52:13,NGP180213015201.RAWD941,31,10.35000038,31,10.35000038
03:10:34,NGP180213031004.RAWC793,42,1.007874012,35.5,0.369566917
01:40:14,NGP180213014003.RAWD93Y,30.5,0.49000001,40,0.49000001
03:32:02,NGP180213033201.RAWD94M,31,8.869999886,30.5,9.119999886
02:12:10,NGP180213021201.RAWC6VX,31.5,1.007874012,31,10.10149574
01:42:14,NGP180213014201.RAWC6MV,31,1.007874012,31,10.10149574
01:42:14,NGP180213014201.RAWD93Z,31,10.10000038,31,10.10000038
01:10:18,NGP180213011003.RAWC6DZ,37,1.007874012,36.5,0.246377945
01:10:18,NGP180213011003.RAWD93S,37,0.430000007,36.5,0.25
01:20:16,NGP180213012003.RAWD93U,39,1.789999962,39,0.550000012
03:12:04,NGP180213031201.RAWC79Z,30.5,1.007874012,31,3.695669413
00:41:50,NGP180213004148.RAWD93K,37,0.370000005,38,0.310000002
00:41:50,NGP180213004148.RAWC66X,37,1.007874012,38,0.307972431
03:12:04,NGP180213031201.RAWD94H,30.5,8.619999886,31,3.700000048
01:22:16,NGP180213012201.RAWC6H6,30.5,1.007874012,30.5,9.608739853
03:02:05,NGP180213030201.RAWC77M,30.5,1.007874012,30.5,10.34787369
03:02:05,NGP180213030201.RAWD94F,30.5,8.869999886,30.5,10.35000038
00:20:23,NGP180213002003.RAWC628,34,1.007874012,38,0.49275589
03:52:30,NGP180213035201.RAWC7KA,31,1.007874012,32,9.115984917
01:20:16,NGP180213012003.RAWC6GA,39,1.007874012,39,0.554350436
01:32:15,NGP180213013201.RAWD93X,31,10.10000038,31.5,10.10000038
01:12:17,NGP180213011208.RAWC6EV,31,1.007874012,31,9.362362862
03:22:04,NGP180213032201.RAWD94K,31,8.869999886,31,8.869999886
01:02:19,NGP180213010201.RAWC6CH,31,1.007874012,31,1.724645615
01:22:16,NGP180213012201.RAWD93V,30.5,9.609999657,30.5,9.609999657
00:43:20,NGP180213004252.RAWC67T,30.5,1.007874012,32,3.449291229
00:43:20,NGP180213004252.RAWD93L,30.5,3.450000048,32,3.450000048
01:32:15,NGP180213013201.RAWC6KH,31,1.007874012,31.5,10.10149574
00:22:22,NGP180213002201.RAWD93G,30.5,2.220000029,30.5,2.220000029
00:20:23,NGP180213002003.RAWD93F,34,0.49000001,38,0.49000001
00:00:25,NGP180213000003.RAWC5XH,41,1.007874012,38,0.369566917
01:02:19,NGP180213010201.RAWD93R,31,0.49000001,31,1.720000029
02:52:07,NGP180213025201.RAWC758,37.5,1.007874012,32,2.710157633
00:12:24,NGP180213001201.RAWC60T,32,1.007874012,30.5,1.231889725
00:52:20,NGP180213005201.RAWC6A4,31.5,1.007874012,30.5,3.942047119
00:32:21,NGP180213003207.RAWD93J,30.5,2.960000038,30.5,2.960000038
01:12:17,NGP180213011208.RAWD93T,31,8.619999886,31,9.359999657
00:02:25,NGP180213000201.RAWC5YF,30.5,1.007874012,31,0.739133835
00:00:25,NGP180213000003.RAWD93B,41,0.370000005,38,0.370000005
00:52:20,NGP180213005201.RAWD93N,31.5,3.940000057,30.5,3.940000057
00:02:25,NGP180213000201.RAWD93C,30.5,0.74000001,31,0.74000001
00:22:22,NGP180213002201.RAWC634,30.5,1.007874012,30.5,2.217401743
00:12:24,NGP180213001201.RAWD93E,32,1.230000019,30.5,1.230000019
00:32:21,NGP180213003207.RAWC65F,30.5,1.007874012,30.5,2.956535339
